category,hashtag,list_of_words
еда,#магазин,['кейтеринг поставка еда заказ дом офис объект популярный услуга особенно житель мегаполис доставка еда дом отличный прибыльный бизнес']
еда,#сервис,['кейтеринг поставка еда заказ дом офис объект популярный услуга особенно житель мегаполис доставка еда дом отличный прибыльный бизнес']
еда,#борщ,['кейтеринг поставка еда заказ дом офис объект популярный услуга особенно житель мегаполис доставка еда дом отличный прибыльный бизнес']
еда,#еда,['кейтеринг поставка еда заказ дом офис объект популярный услуга особенно житель мегаполис доставка еда дом отличный прибыльный бизнес']
еда,#пицца,['кейтеринг поставка еда заказ дом офис объект популярный услуга особенно житель мегаполис доставка еда дом отличный прибыльный бизнес']
еда,#доставка,['кейтеринг поставка еда заказ дом офис объект популярный услуга особенно житель мегаполис доставка еда дом отличный прибыльный бизнес']
еда,#мясо,['кейтеринг поставка еда заказ дом офис объект популярный услуга особенно житель мегаполис доставка еда дом отличный прибыльный бизнес']
искусство,#музей,['открытие выставка свидетель свет сегодня состояться открытие выставка свидетель свет посвящать летие косенков наш музей посещать ребята ивнянский школа школьник узнавать жизнь художник прославлять белгородчина познакомиться особенность творчество цветной линогравюра особенно ребята заинтересовывать цикл произведение косенков окно написать мотив повесть дубровина ожидание коза']
искусство,#ивня,['открытие выставка свидетель свет сегодня состояться открытие выставка свидетель свет посвящать летие косенков наш музей посещать ребята ивнянский школа школьник узнавать жизнь художник прославлять белгородчина познакомиться особенность творчество цветной линогравюра особенно ребята заинтересовывать цикл произведение косенков окно написать мотив повесть дубровина ожидание коза']
искусство,#искусство,['открытие выставка свидетель свет сегодня состояться открытие выставка свидетель свет посвящать летие косенков наш музей посещать ребята ивнянский школа школьник узнавать жизнь художник прославлять белгородчина познакомиться особенность творчество цветной линогравюра особенно ребята заинтересовывать цикл произведение косенков окно написать мотив повесть дубровина ожидание коза']
искусство,#косенков,['открытие выставка свидетель свет сегодня состояться открытие выставка свидетель свет посвящать летие косенков наш музей посещать ребята ивнянский школа школьник узнавать жизнь художник прославлять белгородчина познакомиться особенность творчество цветной линогравюра особенно ребята заинтересовывать цикл произведение косенков окно написать мотив повесть дубровина ожидание коза']
кино,#фильмы,['mem']
кино,#imagine,['mem']
кино,#gif,['mem']
кино,#кино,['mem']
кино,#new,['mem']
кино,#artwork,['mem']
кино,#it,['mem']
животные,#щенок,['can understand your feeling pupper']
театр,#ежикимедвежонок,['помнить заяц ежик медвежонок кататься облако ловить удочка звезда мечтать мечтать спектакль жанр сказка рефлексия это воспоминание детство радужный светлый родной близкий билет приобретать ссылка ждать просто встреча любимый герой детство знакомство актер личный история переживание одиночество страх неправильный непринятие зависть боль потеря сосредотачивать стена маленький деревянный дом смочь герой прощаться детство навсегда оставаться тень режиссер анна шильгасать правда быть правда продолжительность спектакль час антракт возрастной ограничение тчк']
учеба,#школа,['первый школьный утро наш первый школьный утро обычный пока делать укладка маруся понравиться лейб блузка район шея поэтому снимать блузка решать избавляться результат большой дыра воротник поиск блузка включать песня первоклассник находить блузка переключаться позитив пойти знакомиться школа']
учеба,#комитетимущественныхотношений,['первый сентябрь многие эмоциональный яркий день ребенок родитель учитель вица спикер госдума мама ребенок анна кузнецова никто знакомый букет светлый чувство возникать день знание свой поздравление новый учебный год анна юрьевна поделиться напутствие школьник поддерживать важный слово родитель посмотреть']
учеба,#деньзнаний,['день знание музыкальный шутка викторина поиграть угадывать мелодия ульяновский русский оркестр исполнение музыкант услышать знакомый мелодия который очень вписываться музыкальный ткань произведение солист александр бормицев домра глеб авдеев балалайка']
учеба,#1сентября,['сегодня россия отмечаться день знание считать образование играть огромный роль формирование человек личность хотеться поздравлять такой прекрасный праздник пожелать успех учебный год']
учеба,#учеба,['первый сентябрь многие эмоциональный яркий день ребенок родитель учитель вица спикер госдума мама ребенок анна кузнецова никто знакомый букет светлый чувство возникать день знание свой поздравление новый учебный год анна юрьевна поделиться напутствие школьник поддерживать важный слово родитель посмотреть']
учеба,#праздник,['день знание музыкальный шутка викторина поиграть угадывать мелодия ульяновский русский оркестр исполнение музыкант услышать знакомый мелодия который очень вписываться музыкальный ткань произведение солист александр бормицев домра глеб авдеев балалайка']
растения,#цветымосква,['день знание проходить зря утро слонивиться кровать вставать покормить мопс кошка рыба проверять цветок побрызгать цветок проверять цветок пока проверять цветок мопс захотеть пописать кошка успевать покакать нужно встреча подруга привозить нужный круглый туйка мой грядка огромный спасибо это забирать туйка поболтать понестись рынок садовод мытищи обскакивать вокруг находить хотеть зато увидеть отличный бересклет который лето мелкий дорогой становиться процент дешево крупный взять пусть быть траектория возвращение домой проходить тц твой дом забегать оранжерея оранжерея скучно зато вход тц обнаруживать симпатичный бересклет долго пучить глаз ненадо брать небирать решение брать кстати бересклет производство турция видимо голландия отдыхать святой место пусто бывать прискакивать домой мопс хотеть писать кошка аллеловать просто тихо спать день продолжаться']
растения,#растения,['день знание проходить зря утро слонивиться кровать вставать покормить мопс кошка рыба проверять цветок побрызгать цветок проверять цветок пока проверять цветок мопс захотеть пописать кошка успевать покакать нужно встреча подруга привозить нужный круглый туйка мой грядка огромный спасибо это забирать туйка поболтать понестись рынок садовод мытищи обскакивать вокруг находить хотеть зато увидеть отличный бересклет который лето мелкий дорогой становиться процент дешево крупный взять пусть быть траектория возвращение домой проходить тц твой дом забегать оранжерея оранжерея скучно зато вход тц обнаруживать симпатичный бересклет долго пучить глаз ненадо брать небирать решение брать кстати бересклет производство турция видимо голландия отдыхать святой место пусто бывать прискакивать домой мопс хотеть писать кошка аллеловать просто тихо спать день продолжаться']
растения,#мойсад,['день знание проходить зря утро слонивиться кровать вставать покормить мопс кошка рыба проверять цветок побрызгать цветок проверять цветок пока проверять цветок мопс захотеть пописать кошка успевать покакать нужно встреча подруга привозить нужный круглый туйка мой грядка огромный спасибо это забирать туйка поболтать понестись рынок садовод мытищи обскакивать вокруг находить хотеть зато увидеть отличный бересклет который лето мелкий дорогой становиться процент дешево крупный взять пусть быть траектория возвращение домой проходить тц твой дом забегать оранжерея оранжерея скучно зато вход тц обнаруживать симпатичный бересклет долго пучить глаз ненадо брать небирать решение брать кстати бересклет производство турция видимо голландия отдыхать святой место пусто бывать прискакивать домой мопс хотеть писать кошка аллеловать просто тихо спать день продолжаться']
растения,#цветы,['брошь цена рубль']
растения,#туя,['день знание проходить зря утро слонивиться кровать вставать покормить мопс кошка рыба проверять цветок побрызгать цветок проверять цветок пока проверять цветок мопс захотеть пописать кошка успевать покакать нужно встреча подруга привозить нужный круглый туйка мой грядка огромный спасибо это забирать туйка поболтать понестись рынок садовод мытищи обскакивать вокруг находить хотеть зато увидеть отличный бересклет который лето мелкий дорогой становиться процент дешево крупный взять пусть быть траектория возвращение домой проходить тц твой дом забегать оранжерея оранжерея скучно зато вход тц обнаруживать симпатичный бересклет долго пучить глаз ненадо брать небирать решение брать кстати бересклет производство турция видимо голландия отдыхать святой место пусто бывать прискакивать домой мопс хотеть писать кошка аллеловать просто тихо спать день продолжаться']
растения,#растениядома,['день знание проходить зря утро слонивиться кровать вставать покормить мопс кошка рыба проверять цветок побрызгать цветок проверять цветок пока проверять цветок мопс захотеть пописать кошка успевать покакать нужно встреча подруга привозить нужный круглый туйка мой грядка огромный спасибо это забирать туйка поболтать понестись рынок садовод мытищи обскакивать вокруг находить хотеть зато увидеть отличный бересклет который лето мелкий дорогой становиться процент дешево крупный взять пусть быть траектория возвращение домой проходить тц твой дом забегать оранжерея оранжерея скучно зато вход тц обнаруживать симпатичный бересклет долго пучить глаз ненадо брать небирать решение брать кстати бересклет производство турция видимо голландия отдыхать святой место пусто бывать прискакивать домой мопс хотеть писать кошка аллеловать просто тихо спать день продолжаться']
растения,#бересклет,['день знание проходить зря утро слонивиться кровать вставать покормить мопс кошка рыба проверять цветок побрызгать цветок проверять цветок пока проверять цветок мопс захотеть пописать кошка успевать покакать нужно встреча подруга привозить нужный круглый туйка мой грядка огромный спасибо это забирать туйка поболтать понестись рынок садовод мытищи обскакивать вокруг находить хотеть зато увидеть отличный бересклет который лето мелкий дорогой становиться процент дешево крупный взять пусть быть траектория возвращение домой проходить тц твой дом забегать оранжерея оранжерея скучно зато вход тц обнаруживать симпатичный бересклет долго пучить глаз ненадо брать небирать решение брать кстати бересклет производство турция видимо голландия отдыхать святой место пусто бывать прискакивать домой мопс хотеть писать кошка аллеловать просто тихо спать день продолжаться']
новости,#воронеж,['оявляться полный программа фестиваль ород сад сентябрь ачало работа лавный сцена театральный ау прогулка артист ходулист оронежский академический уличный театр творческий программа ородский дворец культура ыступление представитель центр профилактика здоровье оронежский область ыступление фольклорный ансамбль завалинка торжественный церемония открытие фестиваль ыступление танцевальный спортивный клуб ульс творческий встреча иколай иколаевич дроздов интеллектуальный познавательный программа творческий выступление представитель сероссийский общественный организация союз доброволец россия ыступление одласкина преподаватель тот тематический мастер класс по топиарный искусство онцерт ученик академия игорь рутой оронеж тематический мастер класс руководитель питомник плодовый ягодный культура дивный сад ешн показ арт букет танцевальный флешмоб етровский ассамблея сентябрь работа выставочный экспозиция театрализованный концертный программа история осударев сад театральный ау прогулка артист ходулист оронежский академический уличный театр аграждение победитель отоконкурс родной природа столько красота интеграция природа урбанистика торжественный церемония подведение итог фестиваль адр документальный фильм овой россия дело кино тетралогия орабль етр еликий эко урок агия экология ешн показ флористический композиция анимационный программа самый маленький гость фестиваль ыступление юный воронежский дарование финалист участник всероссийский конкурс шоу аучно образовательный программа амерный программа барочный классика иват етр иват россия']
новости,#регион_36_136,['оявляться полный программа фестиваль ород сад сентябрь ачало работа лавный сцена театральный ау прогулка артист ходулист оронежский академический уличный театр творческий программа ородский дворец культура ыступление представитель центр профилактика здоровье оронежский область ыступление фольклорный ансамбль завалинка торжественный церемония открытие фестиваль ыступление танцевальный спортивный клуб ульс творческий встреча иколай иколаевич дроздов интеллектуальный познавательный программа творческий выступление представитель сероссийский общественный организация союз доброволец россия ыступление одласкина преподаватель тот тематический мастер класс по топиарный искусство онцерт ученик академия игорь рутой оронеж тематический мастер класс руководитель питомник плодовый ягодный культура дивный сад ешн показ арт букет танцевальный флешмоб етровский ассамблея сентябрь работа выставочный экспозиция театрализованный концертный программа история осударев сад театральный ау прогулка артист ходулист оронежский академический уличный театр аграждение победитель отоконкурс родной природа столько красота интеграция природа урбанистика торжественный церемония подведение итог фестиваль адр документальный фильм овой россия дело кино тетралогия орабль етр еликий эко урок агия экология ешн показ флористический композиция анимационный программа самый маленький гость фестиваль ыступление юный воронежский дарование финалист участник всероссийский конкурс шоу аучно образовательный программа амерный программа барочный классика иват етр иват россия']
новости,#сегодня,['оявляться полный программа фестиваль ород сад сентябрь ачало работа лавный сцена театральный ау прогулка артист ходулист оронежский академический уличный театр творческий программа ородский дворец культура ыступление представитель центр профилактика здоровье оронежский область ыступление фольклорный ансамбль завалинка торжественный церемония открытие фестиваль ыступление танцевальный спортивный клуб ульс творческий встреча иколай иколаевич дроздов интеллектуальный познавательный программа творческий выступление представитель сероссийский общественный организация союз доброволец россия ыступление одласкина преподаватель тот тематический мастер класс по топиарный искусство онцерт ученик академия игорь рутой оронеж тематический мастер класс руководитель питомник плодовый ягодный культура дивный сад ешн показ арт букет танцевальный флешмоб етровский ассамблея сентябрь работа выставочный экспозиция театрализованный концертный программа история осударев сад театральный ау прогулка артист ходулист оронежский академический уличный театр аграждение победитель отоконкурс родной природа столько красота интеграция природа урбанистика торжественный церемония подведение итог фестиваль адр документальный фильм овой россия дело кино тетралогия орабль етр еликий эко урок агия экология ешн показ флористический композиция анимационный программа самый маленький гость фестиваль ыступление юный воронежский дарование финалист участник всероссийский конкурс шоу аучно образовательный программа амерный программа барочный классика иват етр иват россия']
новости,#новости,['оявляться полный программа фестиваль ород сад сентябрь ачало работа лавный сцена театральный ау прогулка артист ходулист оронежский академический уличный театр творческий программа ородский дворец культура ыступление представитель центр профилактика здоровье оронежский область ыступление фольклорный ансамбль завалинка торжественный церемония открытие фестиваль ыступление танцевальный спортивный клуб ульс творческий встреча иколай иколаевич дроздов интеллектуальный познавательный программа творческий выступление представитель сероссийский общественный организация союз доброволец россия ыступление одласкина преподаватель тот тематический мастер класс по топиарный искусство онцерт ученик академия игорь рутой оронеж тематический мастер класс руководитель питомник плодовый ягодный культура дивный сад ешн показ арт букет танцевальный флешмоб етровский ассамблея сентябрь работа выставочный экспозиция театрализованный концертный программа история осударев сад театральный ау прогулка артист ходулист оронежский академический уличный театр аграждение победитель отоконкурс родной природа столько красота интеграция природа урбанистика торжественный церемония подведение итог фестиваль адр документальный фильм овой россия дело кино тетралогия орабль етр еликий эко урок агия экология ешн показ флористический композиция анимационный программа самый маленький гость фестиваль ыступление юный воронежский дарование финалист участник всероссийский конкурс шоу аучно образовательный программа амерный программа барочный классика иват етр иват россия']
игры,#vsedkdmd,['дорогой ребята любить танцевать веселить ждать гость сентябрь танцевальный развлекательный программа вместе весело играть']
игры,#культурамо,['дорогой ребята любить танцевать веселить ждать гость сентябрь танцевальный развлекательный программа вместе весело играть']
игры,#игры,['дорогой ребята любить танцевать веселить ждать гость сентябрь танцевальный развлекательный программа вместе весело играть']
игры,#сдкбарыбинодмд,['дорогой ребята любить танцевать веселить ждать гость сентябрь танцевальный развлекательный программа вместе весело играть']
игры,#культурадмд,['дорогой ребята любить танцевать веселить ждать гость сентябрь танцевальный развлекательный программа вместе весело играть']
игры,#вместевеселоиграть,['дорогой ребята любить танцевать веселить ждать гость сентябрь танцевальный развлекательный программа вместе весело играть']
работа,#деньги,['искать оформлять быстрый микрокредит микрозаем одобрять заем все жать сюда']
работа,#новости,['оявляться полный программа фестиваль ород сад сентябрь ачало работа лавный сцена театральный ау прогулка артист ходулист оронежский академический уличный театр творческий программа ородский дворец культура ыступление представитель центр профилактика здоровье оронежский область ыступление фольклорный ансамбль завалинка торжественный церемония открытие фестиваль ыступление танцевальный спортивный клуб ульс творческий встреча иколай иколаевич дроздов интеллектуальный познавательный программа творческий выступление представитель сероссийский общественный организация союз доброволец россия ыступление одласкина преподаватель тот тематический мастер класс по топиарный искусство онцерт ученик академия игорь рутой оронеж тематический мастер класс руководитель питомник плодовый ягодный культура дивный сад ешн показ арт букет танцевальный флешмоб етровский ассамблея сентябрь работа выставочный экспозиция театрализованный концертный программа история осударев сад театральный ау прогулка артист ходулист оронежский академический уличный театр аграждение победитель отоконкурс родной природа столько красота интеграция природа урбанистика торжественный церемония подведение итог фестиваль адр документальный фильм овой россия дело кино тетралогия орабль етр еликий эко урок агия экология ешн показ флористический композиция анимационный программа самый маленький гость фестиваль ыступление юный воронежский дарование финалист участник всероссийский конкурс шоу аучно образовательный программа амерный программа барочный классика иват етр иват россия']
работа,#кредиты,['искать оформлять быстрый микрокредит микрозаем одобрять заем все жать сюда']
работа,#микрозаймы,['искать оформлять быстрый микрокредит микрозаем одобрять заем все жать сюда']
работа,#вакансии,['искать взять кредит микрозаем одобрять заем кредит все жать сюда кредитный карта выгодный условие получение день обращение кредитный карта повышенный кешбек бесплатный обслуживание']
работа,#займы,['срочно понадобиться деньги топ хороший микрозаем онлайн получать деньги минута онлайн банковский карточка электронный кошелек внимание рекомендовать заполнять предлагать вариант это увеличивать ваш шанс получение заем займер быстрый одобрение любой кредитный история заем руб нужный паспорт ссылка vk cc asqx zaymigo первый заем срок день руб одобрение ссылка vk cc cfzzo lime zaim первый заем бесплатно весь руб регистрация деньги минута ссылка vk cc mpl займер срочный одобрение любой кредитный история заем руб нужный паспорт ссылка vk cc asqx creditplus первый заем день руб повторный обращение ссылка vk cc cfzzbf turbozaim мгновенный получение деньги карта руб акция процентный ставка день ссылка vk cc cfzzka cash первый заем срок день руб одобрение ссылка vk cc mpwz moneyman первый заем срок день руб год год ссылка vk cc mq max credit оформлять заем руб деньги карта минута день ссылка vk cc cfzzyr быстроденьги первый заем день руб повторный обращение ссылка vk cc cg bz внимание рекомендовать заполнять предлагать вариант это увеличивать ваш шанс получение заем']
работа,#работа,['искать оформлять быстрый микрокредит микрозаем одобрять заем все жать сюда']
работа,#iphone,['искать оформлять быстрый микрокредит микрозаем одобрять заем все жать сюда']
работа,#заем,['искать взять кредит микрозаем одобрять заем кредит все жать сюда кредитный карта выгодный условие получение день обращение кредитный карта повышенный кешбек бесплатный обслуживание']
автомобиль,#скшу,['приморский край полигон сергеевский рамка стратегический командный штабной учение скша восток военнослужащий воинский контингент иностранный государство приступать подготовка предстоящий совместный практический действие подразделение коалиционный группировка войско совершать марш боевой техника завершать сосредоточение назначать район выполнение учебный боевой задача накануне подразделение вооруженный сила иностранный государство исключение китайский народный республика военнослужащий который прибыль территория российский федерация свой штатный вооружение военный техника российский сторона передавать бронетанковый автомобильный техника стрелковый вооружение боеприпасы необходимый выполнение учебный боевой задача руководство развернутый полигон сергеевский штаб коалиционный группировка войско подразделение соединение восточный военный округ вво девять иностранный воинский контингент вооруженный сила азербайджан алжир армения белоруссия индия киргизия китай монголия таджикистан рамка скша завершать сосредоточение район предстоящий боевой действие соответствие замысел проведение военный операция приморский стратегический направление ход учение войско сила коалиционный группировка войско предстоять выполнять совместный задача практический отработка оборонительный наступательный действие отражение агрессия условный противник восточный направление цель сохранение мир защита интерес обеспечение военный безопасность восточный регион видео club минобороны россия']
автомобиль,#дрг,['рамка стартовать стратегический командный штабной учение скша восток подразделение управление объединение соединение восточный военный округ вво выдвигаться назначать район приступать развертывание полевой подвижный пункт управление ход марш связист вво отражать нападение диверсионный разведывательный группа дрг условный противник остров сахалин один маршрут выдвижение разыгрывать эпизод подрыв диверсант головной машина колонна ход завязываться бой связист окружать дрг условный противник полностью уничтожать колонна военный техника продолжать движение район развертывание полевой узел связь прибытие назначать район военнослужащий приступать развертывание станция связь база автомобиль повышенный проходимость камаз обеспечение командование весь вид связь подчиненный подразделение технический характеристика состоять вооружение подразделение управление вво комплекс связь позволять организовывать обеспечивать система управление войско условие активный постановка противник радиопомеха автоматизировать процесс обработка передача отображение хранение информация режим реальный время видео club минобороны россия']
автомобиль,#камаз,['требоваться водитель полуприцеп камаз свердловский район опыт работа водитель автомобиль менее год категория знание устройство грузовой автомобиль условие работа город красноярск зп сдельный месяц платить еженедельно официальный оформление звонить собеседование адрес затонский стр']
автомобиль,#восток2022,['приморский край полигон сергеевский рамка стратегический командный штабной учение скша восток военнослужащий воинский контингент иностранный государство приступать подготовка предстоящий совместный практический действие подразделение коалиционный группировка войско совершать марш боевой техника завершать сосредоточение назначать район выполнение учебный боевой задача накануне подразделение вооруженный сила иностранный государство исключение китайский народный республика военнослужащий который прибыль территория российский федерация свой штатный вооружение военный техника российский сторона передавать бронетанковый автомобильный техника стрелковый вооружение боеприпасы необходимый выполнение учебный боевой задача руководство развернутый полигон сергеевский штаб коалиционный группировка войско подразделение соединение восточный военный округ вво девять иностранный воинский контингент вооруженный сила азербайджан алжир армения белоруссия индия киргизия китай монголия таджикистан рамка скша завершать сосредоточение район предстоящий боевой действие соответствие замысел проведение военный операция приморский стратегический направление ход учение войско сила коалиционный группировка войско предстоять выполнять совместный задача практический отработка оборонительный наступательный действие отражение агрессия условный противник восточный направление цель сохранение мир защита интерес обеспечение военный безопасность восточный регион видео club минобороны россия']
автомобиль,#автомобиль,['рамка стартовать стратегический командный штабной учение скша восток подразделение управление объединение соединение восточный военный округ вво выдвигаться назначать район приступать развертывание полевой подвижный пункт управление ход марш связист вво отражать нападение диверсионный разведывательный группа дрг условный противник остров сахалин один маршрут выдвижение разыгрывать эпизод подрыв диверсант головной машина колонна ход завязываться бой связист окружать дрг условный противник полностью уничтожать колонна военный техника продолжать движение район развертывание полевой узел связь прибытие назначать район военнослужащий приступать развертывание станция связь база автомобиль повышенный проходимость камаз обеспечение командование весь вид связь подчиненный подразделение технический характеристика состоять вооружение подразделение управление вво комплекс связь позволять организовывать обеспечивать система управление войско условие активный постановка противник радиопомеха автоматизировать процесс обработка передача отображение хранение информация режим реальный время видео club минобороны россия']
автомобиль,#связисты,['рамка стартовать стратегический командный штабной учение скша восток подразделение управление объединение соединение восточный военный округ вво выдвигаться назначать район приступать развертывание полевой подвижный пункт управление ход марш связист вво отражать нападение диверсионный разведывательный группа дрг условный противник остров сахалин один маршрут выдвижение разыгрывать эпизод подрыв диверсант головной машина колонна ход завязываться бой связист окружать дрг условный противник полностью уничтожать колонна военный техника продолжать движение район развертывание полевой узел связь прибытие назначать район военнослужащий приступать развертывание станция связь база автомобиль повышенный проходимость камаз обеспечение командование весь вид связь подчиненный подразделение технический характеристика состоять вооружение подразделение управление вво комплекс связь позволять организовывать обеспечивать система управление войско условие активный постановка противник радиопомеха автоматизировать процесс обработка передача отображение хранение информация режим реальный время видео club минобороны россия']
автомобиль,#вво,['рамка стартовать стратегический командный штабной учение скша восток подразделение управление объединение соединение восточный военный округ вво выдвигаться назначать район приступать развертывание полевой подвижный пункт управление ход марш связист вво отражать нападение диверсионный разведывательный группа дрг условный противник остров сахалин один маршрут выдвижение разыгрывать эпизод подрыв диверсант головной машина колонна ход завязываться бой связист окружать дрг условный противник полностью уничтожать колонна военный техника продолжать движение район развертывание полевой узел связь прибытие назначать район военнослужащий приступать развертывание станция связь база автомобиль повышенный проходимость камаз обеспечение командование весь вид связь подчиненный подразделение технический характеристика состоять вооружение подразделение управление вво комплекс связь позволять организовывать обеспечивать система управление войско условие активный постановка противник радиопомеха автоматизировать процесс обработка передача отображение хранение информация режим реальный время видео club минобороны россия']
мода,#мода,['все добрый вечер наклейка одежда декор закрывать маленький дефект одежда']
мода,#шитье,['все добрый вечер наклейка одежда декор закрывать маленький дефект одежда']
мода,#наклейки,['все добрый вечер наклейка одежда декор закрывать маленький дефект одежда']
мода,#декор,['все добрый вечер наклейка одежда декор закрывать маленький дефект одежда']
алкоголь,#бар,['вкусный домашний ликер']
алкоголь,#барменшоу,['вкусный домашний ликер']
алкоголь,#алкоголь,['вкусный домашний ликер']
алкоголь,#коктейль,['вкусный домашний ликер']
алкоголь,#настойка,['вкусный домашний ликер']
алкоголь,#алкоблог,['вкусный домашний ликер']
алкоголь,#бармен,['вкусный домашний ликер']
алкоголь,#ликёр,['вкусный домашний ликер']
дети,#пятеркабезопасности,['уважаемый родитель летний каникулы напоминать свой ребенок потерять время отдых должный бдительность простой простой очень важный правило безопасность который помогать защищать опасный ситуация уберегать свой здоровье имущество жизнь делиться наш карточка свой близкий друг']
дети,#мвдроссии,['уважаемый родитель летний каникулы напоминать свой ребенок потерять время отдых должный бдительность простой простой очень важный правило безопасность который помогать защищать опасный ситуация уберегать свой здоровье имущество жизнь делиться наш карточка свой близкий друг']
дети,#деньзнаний,['день знание сентябрь начало новый учебный год российский школьник студент учитель преподаватель традиционно день школа детский сад проходить торжественный линейка классный часы урок знание мир безопасность мужество активист сторонник приволжский отделение партия единый россия посещать школьный линейка приволжский район пожелать первоклассник увлекательный школьный жизнь новый открытие хороший друг отличный отметка старшеклассник подготавливаться сдача выпускной экзамен также особый внимание обращать занятие физкультура спорт это учащийся залог здоровье энергия']
дети,#полциия,['уважаемый родитель летний каникулы напоминать свой ребенок потерять время отдых должный бдительность простой простой очень важный правило безопасность который помогать защищать опасный ситуация уберегать свой здоровье имущество жизнь делиться наш карточка свой близкий друг']
дети,#родители,['уважаемый родитель летний каникулы напоминать свой ребенок потерять время отдых должный бдительность простой простой очень важный правило безопасность который помогать защищать опасный ситуация уберегать свой здоровье имущество жизнь делиться наш карточка свой близкий друг']
дети,#правила,['уважаемый родитель летний каникулы напоминать свой ребенок потерять время отдых должный бдительность простой простой очень важный правило безопасность который помогать защищать опасный ситуация уберегать свой здоровье имущество жизнь делиться наш карточка свой близкий друг']
дети,#дети,['уважаемый родитель летний каникулы напоминать свой ребенок потерять время отдых должный бдительность простой простой очень важный правило безопасность который помогать защищать опасный ситуация уберегать свой здоровье имущество жизнь делиться наш карточка свой близкий друг']
дети,#безопасность,['уважаемый родитель летний каникулы напоминать свой ребенок потерять время отдых должный бдительность простой простой очень важный правило безопасность который помогать защищать опасный ситуация уберегать свой здоровье имущество жизнь делиться наш карточка свой близкий друг']
любовь,#татарстан,['камский устье море видеть другой глаз камский устье считаться культовый рыболовный место центральный россия дно водохранилище изобиловать неровность вода многочисленный канава яма остаток старый русло обширный участок мелководье глубина достигать благодаря этот природный условие акватория водиться многочисленный стая мирный хищный рыба инфраструктура попадать сам возвышенность пешком проходить несколько километр одноименный поселок автомобиль проселочный дорога любитель острый ощущение мочь вскарабкиваться холм прямо береговой линия турист приезжать сюда сфотографироваться фон обрыв водный простор просто побродить окрестность некоторый разбивать палатка край обрыв полюбоваться звездный небо встречать красивый рассвет мы очень понравиться мочь сказать один видеть горизонт это крутой лазить пещера еще это обычный вид отдых следующий год обязательно палатка посещать самый обычный мысль например вспомнить фраза джек воробей знать этот чувство стоять самый край обрыв тянуть прыгнуть']
любовь,#горы,['камский устье море видеть другой глаз камский устье считаться культовый рыболовный место центральный россия дно водохранилище изобиловать неровность вода многочисленный канава яма остаток старый русло обширный участок мелководье глубина достигать благодаря этот природный условие акватория водиться многочисленный стая мирный хищный рыба инфраструктура попадать сам возвышенность пешком проходить несколько километр одноименный поселок автомобиль проселочный дорога любитель острый ощущение мочь вскарабкиваться холм прямо береговой линия турист приезжать сюда сфотографироваться фон обрыв водный простор просто побродить окрестность некоторый разбивать палатка край обрыв полюбоваться звездный небо встречать красивый рассвет мы очень понравиться мочь сказать один видеть горизонт это крутой лазить пещера еще это обычный вид отдых следующий год обязательно палатка посещать самый обычный мысль например вспомнить фраза джек воробей знать этот чувство стоять самый край обрыв тянуть прыгнуть']
любовь,#любовь,['камский устье море видеть другой глаз камский устье считаться культовый рыболовный место центральный россия дно водохранилище изобиловать неровность вода многочисленный канава яма остаток старый русло обширный участок мелководье глубина достигать благодаря этот природный условие акватория водиться многочисленный стая мирный хищный рыба инфраструктура попадать сам возвышенность пешком проходить несколько километр одноименный поселок автомобиль проселочный дорога любитель острый ощущение мочь вскарабкиваться холм прямо береговой линия турист приезжать сюда сфотографироваться фон обрыв водный простор просто побродить окрестность некоторый разбивать палатка край обрыв полюбоваться звездный небо встречать красивый рассвет мы очень понравиться мочь сказать один видеть горизонт это крутой лазить пещера еще это обычный вид отдых следующий год обязательно палатка посещать самый обычный мысль например вспомнить фраза джек воробей знать этот чувство стоять самый край обрыв тянуть прыгнуть']
любовь,#море,['pattaya лишний слово музыка приятный просмотр']
здоровье,#здоровье,['lifskraftur автор андрей лифарь ravenhan иммуномодулятор общий действие болезнь укрепляться организм увеличиваться общий энергетический тонус человек действовать мягко спокойно энергетика все порядок побочный эффект являться повышение либидо человек работа протестировать']
здоровье,#ставы,['lifskraftur автор андрей лифарь ravenhan иммуномодулятор общий действие болезнь укрепляться организм увеличиваться общий энергетический тонус человек действовать мягко спокойно энергетика все порядок побочный эффект являться повышение либидо человек работа протестировать']
здоровье,#руны,['lifskraftur автор андрей лифарь ravenhan иммуномодулятор общий действие болезнь укрепляться организм увеличиваться общий энергетический тонус человек действовать мягко спокойно энергетика все порядок побочный эффект являться повышение либидо человек работа протестировать']
дружба,#библиотекифедоровскогорайона,['центральный детский библиотека ребята класс моу сош пряхина кл рука герасимов подготовить познавательный развлекательный час дружба творить чудо ребята напоминать важность настоящий дружба какой правило соблюдать дружить друг друг рассказывать легенда притча дружба также познакомить удивительный история искренний настоящий дружба животное ребята вспоминать пословица поговорка дружба отгадывать ребус отвечать вопрос викторина кто дружить заключение запоминать золотой правило дружба относиться друг ко все ты хотеться относиться ты пусть мы слово вспоминаться дружба дорожить любой желание исполняться']
знаменитость,#знаменитость,['день жизнь инвестировать жизнь легко просто billuons for fun встреча сегодня эфир любить соломонушка']
знаменитость,#миллиарды,['день жизнь инвестировать жизнь легко просто billuons for fun встреча сегодня эфир любить соломонушка']
знаменитость,#жизнь,['лидер верн тонна добро обратно думать перевозить вертолы баржа баржа стопудовый']
знаменитость,#счастье,['фантастический рабочий будни дворец культура нефтяник самый крутой звукорежиссер тюменский область маэстро звукозаписывающий студия дк нефтяник гитарист вокалист просто добрый отзывчивый человек михаил машкович работа потрясать невероятный талантливый юлия савина id юлия варламов руководитель общий вопрос певица диктор очень позитивный человек']
знаменитость,#billuonsforfun,['день жизнь инвестировать жизнь легко просто billuons for fun встреча сегодня эфир любить соломонушка']
знаменитость,#легендарная,['день жизнь инвестировать жизнь легко просто billuons for fun встреча сегодня эфир любить соломонушка']
дом,#иваново,['агентство недвижимость радуга предлагать продажа агентство недвижимость радуга предлагать продажа двухэтажный коттедж город иваново адрес окружной переулок дом общий площадь дома площадь участок сотка участок размежевывать снаружи дом огораживать забор двое ворота въезд участок лицевой окно заламинировать участок находиться сарай который договоренность новый хозяин убирать также участок различный плодовый ягодный насаждение несколько яблоня малина крыша металлочерепица дом предчистовой отделка заливать пол проводить теплый пол первый этаж второй этаж санузел стена отштукатурить дом помещение число комната санузел большой кухня гостиная прихожая все дом устанавливать пластиковый окно дом проводить газ вода свой скважина отопление дом индивидуальный газовый канализация кольцо кольцо площадь кухня гостиная первый санузел первый этаж комната первый этаж второй этаж вести лестница площадь второй санузел комната соответственно высокий потолок дом метр дом проводить электричество напряжение сеть квт крыша утеплять это отличный вариант комфортный городской жизнь ваш семья взрослый собственник документ готовый сделка звонить любой удобный время старик виктор цена руб']
дом,#дом,['агентство недвижимость радуга предлагать продажа агентство недвижимость радуга предлагать продажа двухэтажный коттедж город иваново адрес окружной переулок дом общий площадь дома площадь участок сотка участок размежевывать снаружи дом огораживать забор двое ворота въезд участок лицевой окно заламинировать участок находиться сарай который договоренность новый хозяин убирать также участок различный плодовый ягодный насаждение несколько яблоня малина крыша металлочерепица дом предчистовой отделка заливать пол проводить теплый пол первый этаж второй этаж санузел стена отштукатурить дом помещение число комната санузел большой кухня гостиная прихожая все дом устанавливать пластиковый окно дом проводить газ вода свой скважина отопление дом индивидуальный газовый канализация кольцо кольцо площадь кухня гостиная первый санузел первый этаж комната первый этаж второй этаж вести лестница площадь второй санузел комната соответственно высокий потолок дом метр дом проводить электричество напряжение сеть квт крыша утеплять это отличный вариант комфортный городской жизнь ваш семья взрослый собственник документ готовый сделка звонить любой удобный время старик виктор цена руб']
дом,#купитьдом,['агентство недвижимость радуга предлагать продажа агентство недвижимость радуга предлагать продажа двухэтажный коттедж город иваново адрес окружной переулок дом общий площадь дома площадь участок сотка участок размежевывать снаружи дом огораживать забор двое ворота въезд участок лицевой окно заламинировать участок находиться сарай который договоренность новый хозяин убирать также участок различный плодовый ягодный насаждение несколько яблоня малина крыша металлочерепица дом предчистовой отделка заливать пол проводить теплый пол первый этаж второй этаж санузел стена отштукатурить дом помещение число комната санузел большой кухня гостиная прихожая все дом устанавливать пластиковый окно дом проводить газ вода свой скважина отопление дом индивидуальный газовый канализация кольцо кольцо площадь кухня гостиная первый санузел первый этаж комната первый этаж второй этаж вести лестница площадь второй санузел комната соответственно высокий потолок дом метр дом проводить электричество напряжение сеть квт крыша утеплять это отличный вариант комфортный городской жизнь ваш семья взрослый собственник документ готовый сделка звонить любой удобный время старик виктор цена руб']
дом,#квартира,['выполнять указ президент страна льготный ипотека сотрудник it компания ставка информация весь вариант условие telegram канал подавать заявка льготный it ипотека позвонить мы телефон заказывать звонок сайт miel lefortovo ru написать мы почта miel office gmail com']
дом,#продатьнедвижимость,['агентство недвижимость радуга предлагать продажа агентство недвижимость радуга предлагать продажа двухэтажный коттедж город иваново адрес окружной переулок дом общий площадь дома площадь участок сотка участок размежевывать снаружи дом огораживать забор двое ворота въезд участок лицевой окно заламинировать участок находиться сарай который договоренность новый хозяин убирать также участок различный плодовый ягодный насаждение несколько яблоня малина крыша металлочерепица дом предчистовой отделка заливать пол проводить теплый пол первый этаж второй этаж санузел стена отштукатурить дом помещение число комната санузел большой кухня гостиная прихожая все дом устанавливать пластиковый окно дом проводить газ вода свой скважина отопление дом индивидуальный газовый канализация кольцо кольцо площадь кухня гостиная первый санузел первый этаж комната первый этаж второй этаж вести лестница площадь второй санузел комната соответственно высокий потолок дом метр дом проводить электричество напряжение сеть квт крыша утеплять это отличный вариант комфортный городской жизнь ваш семья взрослый собственник документ готовый сделка звонить любой удобный время старик виктор цена руб']
дом,#купитьнедвижимость,['агентство недвижимость радуга предлагать продажа агентство недвижимость радуга предлагать продажа двухэтажный коттедж город иваново адрес окружной переулок дом общий площадь дома площадь участок сотка участок размежевывать снаружи дом огораживать забор двое ворота въезд участок лицевой окно заламинировать участок находиться сарай который договоренность новый хозяин убирать также участок различный плодовый ягодный насаждение несколько яблоня малина крыша металлочерепица дом предчистовой отделка заливать пол проводить теплый пол первый этаж второй этаж санузел стена отштукатурить дом помещение число комната санузел большой кухня гостиная прихожая все дом устанавливать пластиковый окно дом проводить газ вода свой скважина отопление дом индивидуальный газовый канализация кольцо кольцо площадь кухня гостиная первый санузел первый этаж комната первый этаж второй этаж вести лестница площадь второй санузел комната соответственно высокий потолок дом метр дом проводить электричество напряжение сеть квт крыша утеплять это отличный вариант комфортный городской жизнь ваш семья взрослый собственник документ готовый сделка звонить любой удобный время старик виктор цена руб']
дом,#купитьквартиру,['выполнять указ президент страна льготный ипотека сотрудник it компания ставка информация весь вариант условие telegram канал подавать заявка льготный it ипотека позвонить мы телефон заказывать звонок сайт miel lefortovo ru написать мы почта miel office gmail com']
дом,#недвижимость,['выполнять указ президент страна льготный ипотека сотрудник it компания ставка информация весь вариант условие telegram канал подавать заявка льготный it ипотека позвонить мы телефон заказывать звонок сайт miel lefortovo ru написать мы почта miel office gmail com']
дом,#анрадуга,['агентство недвижимость радуга предлагать продажа агентство недвижимость радуга предлагать продажа двухэтажный коттедж город иваново адрес окружной переулок дом общий площадь дома площадь участок сотка участок размежевывать снаружи дом огораживать забор двое ворота въезд участок лицевой окно заламинировать участок находиться сарай который договоренность новый хозяин убирать также участок различный плодовый ягодный насаждение несколько яблоня малина крыша металлочерепица дом предчистовой отделка заливать пол проводить теплый пол первый этаж второй этаж санузел стена отштукатурить дом помещение число комната санузел большой кухня гостиная прихожая все дом устанавливать пластиковый окно дом проводить газ вода свой скважина отопление дом индивидуальный газовый канализация кольцо кольцо площадь кухня гостиная первый санузел первый этаж комната первый этаж второй этаж вести лестница площадь второй санузел комната соответственно высокий потолок дом метр дом проводить электричество напряжение сеть квт крыша утеплять это отличный вариант комфортный городской жизнь ваш семья взрослый собственник документ готовый сделка звонить любой удобный время старик виктор цена руб']
знания,#учеба,['поехать торжественно начинать новый учебный год сегодня стартовать маленький колледж club чпоу смоленский юридический колледж тот поступать вуз начинать учиться поздно курсы профпереподготовка это вообще круглый год учить учащийся праздник']
знания,#образование,['записывать ребенок кружок спортивный секция онлайн госуслуга благодаря нацпроект цифровой экономика удобство применять фильтр подбирать занятие место проведение вид оплата направление уровень подготовка возраст ребенок отфильтровывать группа закрытый набор предстоящий учебный год видеть лишь актуальный вариант записывать ребенок законный представитель свой учетный запись родитель усыновитель опекун попечитель запись понадобиться следующий документ паспорт заявитель свидетельство рождение снилс ребенок адыгея записываться онлайн программа дополнительный обучение иностранный язык центр турбо углублять уровень математика ремша волейбол спортивный школа олимпийский резерв джанчатов полный список программа мочь узнавать ссылка']
знания,#знания,['опасность физический упражнение например смерть']
знания,#наука,['лаборатория занимательный наука открываться цдт рамка федеральный проект успех каждый ребенок национальный проект образование цдт становиться щекинский район опорный центр внедрение целевой модель дополнительный образование осуществлять работа система персонифицировать финансирование дополнительный занятие ребенок это организационный финансовый механизм подразумевать закрепление ребенок денежный средство объем необходимый оплата обучение дополнительный общеобразовательный общеразвивать программа перечисление этот средство организация подробно сайт щекинский химик']
успех,#мотивация,['история бог мотивация успех']
успех,#успех,['история бог мотивация успех']
власть,#обнинск,['программа власть гость программа мария гераськин завотделение неврология клинический больница фмба россия врач невролог ботулинотерапевт']
власть,#власть,['программа власть гость программа мария гераськин завотделение неврология клинический больница фмба россия врач невролог ботулинотерапевт']
счастье,#творчесво,['фантастический рабочий будни дворец культура нефтяник самый крутой звукорежиссер тюменский область маэстро звукозаписывающий студия дк нефтяник гитарист вокалист просто добрый отзывчивый человек михаил машкович работа потрясать невероятный талантливый юлия савина id юлия варламов руководитель общий вопрос певица диктор очень позитивный человек']
счастье,#мыкоманда,['фантастический рабочий будни дворец культура нефтяник самый крутой звукорежиссер тюменский область маэстро звукозаписывающий студия дк нефтяник гитарист вокалист просто добрый отзывчивый человек михаил машкович работа потрясать невероятный талантливый юлия савина id юлия варламов руководитель общий вопрос певица диктор очень позитивный человек']
счастье,#талант,['фантастический рабочий будни дворец культура нефтяник самый крутой звукорежиссер тюменский область маэстро звукозаписывающий студия дк нефтяник гитарист вокалист просто добрый отзывчивый человек михаил машкович работа потрясать невероятный талантливый юлия савина id юлия варламов руководитель общий вопрос певица диктор очень позитивный человек']
счастье,#счастье,['фантастический рабочий будни дворец культура нефтяник самый крутой звукорежиссер тюменский область маэстро звукозаписывающий студия дк нефтяник гитарист вокалист просто добрый отзывчивый человек михаил машкович работа потрясать невероятный талантливый юлия савина id юлия варламов руководитель общий вопрос певица диктор очень позитивный человек']
желание,#уфа,['депутат горсовет уфа ирина николаев исполнять мечта один ребенок накануне учебный год депутат горсовет уфа член фракция единый россия ирина евгеньевна подарить самокат евгений галиуллина днр семья недавно переезжать уфа время встреча женя рассказывать ирина евгеньевна свой увлечение план бабушка поблагодарить внимание забота ребенок гордость демонстрировать свой подарок ровесник наперегонки они мчаться двор мечта каждый ребенок должный исполняться взрослый прикладывать максимум усилие искренне хотеться жизнь ребенок наполнять радостный мгновение рассказывать ирина николаев информация депутат совет го уфа рб ирина николаева']
желание,#богдашкачебурашка,['нуждающийся помогать особенный человек какой богач вовсе помогать такой обычный человек просто замечать просто проходить мимо весь богатство куча свободный время добрый сердце этот самый главное человек кувшин наполнять литься очень здорово знать человек наполнять сострадание доброта любовь другой очень рад благодарный весь добрый отзывчивый человек который мы помогать еще хотеть помогать спасибо огромный пусть ваш жизнь счастие уют удача хранить бог запрыгивать последний вагон лето мочь вы приближать богдаша путь здоровый беззаботный детство полагать копилочка свой теплый светлый воспоминание летний день перевести любой монетка удача следующий лето такой теплый незабываемый доброта действие поставлять лайк перевидеть любой посильный сумма подписываться соц сеть приглашать друг знакомый vk vk com bogdan ears instagram stasya dubrovskaya размещать информация богдана свой страница репост вступать группа волонтер vk telegram написать коментарий пожелание богдаша слово реквизит помощь']
желание,#волонтеры,['лдпр объявлять набор волонтер волонтерский корпус лдпр объявлять набор кандидат отправка территория лднр желать принимать участие восстановление город братский территория записываться ряд волонтер условие вступление волонтерский корпус лдпр мужчина год отсутствие препятствие пересечение граница рф отсутствие экстремистский татуировка физический противопоказание психологический проблема осуществление волонтерский деятельность членство лдпр заявка подаваться ярославский региональный отделение лдпр адрес ярославль ул киров телефон справка']
желание,#башкортостан,['мой первый сентябрь сегодня первый сходить школа понравиться']
желание,#семья,['сегодня проводить лев класс эмоция лицо поздравлять учитель педагог школьник студент родитель начало учебный год пусть легкий радостный полный хороший добрый событие']
желание,#желание,['нуждающийся помогать особенный человек какой богач вовсе помогать такой обычный человек просто замечать просто проходить мимо весь богатство куча свободный время добрый сердце этот самый главное человек кувшин наполнять литься очень здорово знать человек наполнять сострадание доброта любовь другой очень рад благодарный весь добрый отзывчивый человек который мы помогать еще хотеть помогать спасибо огромный пусть ваш жизнь счастие уют удача хранить бог запрыгивать последний вагон лето мочь вы приближать богдаша путь здоровый беззаботный детство полагать копилочка свой теплый светлый воспоминание летний день перевести любой монетка удача следующий лето такой теплый незабываемый доброта действие поставлять лайк перевидеть любой посильный сумма подписываться соц сеть приглашать друг знакомый vk vk com bogdan ears instagram stasya dubrovskaya размещать информация богдана свой страница репост вступать группа волонтер vk telegram написать коментарий пожелание богдаша слово реквизит помощь']
желание,#удача,['день знание весь ученик родитель легкий удачный учебный год']
желание,#помощьдетям,['здравствовать уважаемый администрация группа извинять обращаться профиль группа размещать пожалуйста информация малышка дцп бф алеша кузнецов рядом помогать собирать средство инвалидный коляска белокобыльский иванна аксай ростовский область помогать малышка становиться мобильный детский церебральный паралич спастический диплегия задержка нервнопсихический развитие младенческий эпилепсия сбор инвалидный коляска стоимость коляска руб сертификат фсс сумма руб сумма сбор фонд руб срок сбор срочный история иванна писать мама иванна особенный малышка протяжение весь беременность высокий давление врач принимать решение проводить срочный кесарев сечение спасать мой жизнь дочь иванна рождаться второй беременность неделя вес гр дочь появляться свет крохотный крайне тяжелый состояние неделя дышать помощь аппарат искусственный вентиляция легкое недостаток кислород мозг пострадать происходить кровоизлияние выписывать месяц вскоре муж смочь справляться ситуация уходить один становиться бороться жизнь дочь самый начало иванна развиваться задержка опускать рука постоянно заниматься развитие дочь курсы массаж войт терапия приносить год три месяц заветный переворот спина животик постоянно выезжать реабилитация таганрог ростов дон врач твердить иванна очень перспективный ребенок кой случай сдаваться заниматься нужно каждый день иванна обязательно ходить продолжительный непрерывный занятие лфк массаж иппотерапия бассейн последний год давать очень хороший результат иванна оживать очень вырастать физически интеллектуальный иванна очень старательный девочка все понимать выполнять все говорить инструктор медленный стабильный рост наш умелок иванка научаться сидеть поддержка ползти мы предстоять многое преодолевать многое научаться воспитывать доченька один оставлять малышка выходить работа кто мой родитель жить далеко км пожилой жить социальный пособие пенсия часто выезжать реабилитация больница свой транспорт рука тяжело носить дочь мы очень нужный мобильный легко складываться коляска транспортировка городской автобус либо такси весь параметр дочь подходить коляска fumagalli pliko очень просить помогать мы покупка коляска мы сам собирать такой сумма реквизит помощь иванна также совершать благотворительный пожертвование возможный сайт фонд весь информация иванна спасибо все помогать иванна']
религия,#сунна,['американский юноша принимать ислам']
религия,#коран,['американский юноша принимать ислам']
религия,#религия,['американский юноша принимать ислам']
религия,#напоминание,['американский юноша принимать ислам']
карьера,#деньги,['искать взять кредит микрозаем одобрять заем кредит все жать сюда кредитный карта выгодный условие получение день обращение кредитный карта повышенный кешбек бесплатный обслуживание']
карьера,#заработок,['крутой тариф каждый нужно человек приглашать идти порядок очередь помогать другой помогать регистрироваться добавляться друг писать лс']
карьера,#бизнес,['продвижение полный автомат invitebot это умный робот который выполнять ключевой задача маркетинг гулять по целевой аудитория привлекать внимание заводить диалог заинтересованный пользователь многий другой выход получать ответ интересно ваш коммерческий предложение человек использование данный система консультировать заинтересованный экономить свой время никто уговаривать invitebot настройка минута продвижение полный автомат расписание ваш участие сервис позволять точно выделять весь аудитория тот который подходить заданный критерий голосовой автоответчик голос пользователь реагировать положительно наш опыт конверсия вырастать имитация действие человек алгоритм бот полностью имитировать действие реальный человек мочь наблюдать действие реальный время закрепление ваш stories первый место подписчик быть видеть постоянно впереди увеличивать охват раз менеджер аккаунт удобный добавление переключение управление аккаунт количество ограничивать заработок партнерский программа порекомендовать три друг пользоваться invitebot бесплатно платить каждый привлекать пользователь платеж']
карьера,#подработка,['крутой тариф каждый нужно человек приглашать идти порядок очередь помогать другой помогать регистрироваться добавляться друг писать лс']
карьера,#работа,['приглашать мужчина женщина объект агрофирма дмитровский район московский область зарплата вахта рубль выдаваться ежемесячно задержка обязанность женщина сортировка овощ мужчина погрузка овощ предоставлять бесплатно комфортный проживание общежитие комплексный обед ужин спецодежда еженедельный аванс проезд корпоративный автобус покупка жд билет помощь прохождение медосмотр получение медкнижка лс whatsapp']
карьера,#удалённаяработа,['обучение партнер быстро начинать новичок млм доходить результат дата сентябрь время мск спикер игорь логвиненко пропустить выжимка самый полезный информация ссылка регистрироваться проект ссылка проект действительно изменять ваш жизнь']
карьера,#карьера,['обучение партнер быстро начинать новичок млм доходить результат дата сентябрь время мск спикер игорь логвиненко пропустить выжимка самый полезный информация ссылка регистрироваться проект ссылка проект действительно изменять ваш жизнь']
мир,#23февраля,['лидер верн тонна добро обратно думать перевозить вертолы баржа баржа стопудовый']
мир,#антивойна,['лидер верн тонна добро обратно думать перевозить вертолы баржа баржа стопудовый']
мир,#страна,['лидер верн тонна добро обратно думать перевозить вертолы баржа баржа стопудовый']
мир,#жизнь,['лидер верн тонна добро обратно думать перевозить вертолы баржа баржа стопудовый']
мир,#нетвойне,['лидер верн тонна добро обратно думать перевозить вертолы баржа баржа стопудовый']
мир,#путиннапосту,['лидер верн тонна добро обратно думать перевозить вертолы баржа баржа стопудовый']
мир,#путин,['лидер верн тонна добро обратно думать перевозить вертолы баржа баржа стопудовый']
мир,#мир,['лидер верн тонна добро обратно думать перевозить вертолы баржа баржа стопудовый']
наука,#творчество,['праздник первый звонок сентябрь день знание праздник первый звонок цветок друг улыбка музыка добрый встреча одноклассник преподаватель встреча друг преподаватель ребята поставлять себя творческий цель задача настраиваться плодотворный творческий работа счастливый путь насыщенный полезный новый учебный год']
наука,#щекиноазот,['лаборатория занимательный наука открываться цдт рамка федеральный проект успех каждый ребенок национальный проект образование цдт становиться щекинский район опорный центр внедрение целевой модель дополнительный образование осуществлять работа система персонифицировать финансирование дополнительный занятие ребенок это организационный финансовый механизм подразумевать закрепление ребенок денежный средство объем необходимый оплата обучение дополнительный общеобразовательный общеразвивать программа перечисление этот средство организация подробно сайт щекинский химик']
наука,#образование,['новый детский сад солнышко место торжественно открывать кайтагский район сегодня сентябрь торжественный обстановка состояться открытие новый детский сад солнышко место село баршамай кайтагский район случай такой знаменательный событие кайтагский район приезжать руководитель администрация глава правительство рд алексей гасанов заместитель начальник управление информационный политика пресс служба глава рд рашид акав депутат народный собрание рд го созыв председатель комитет промышленность жкх транспорт дорожный хозяйство юсуп умав представитель министерство строительство архитектура жкх республика дагестан встречать дорогой гость приезд муниципалитет отправляться село баршамай участие праздничный мероприятие территория новый детсад ожидать воспитатель ребенок местный житель радостно готовиться открытие начинаться официальный часть праздник гимн россия гимн республика дагестан слово предоставлять алексей гасанов свой выступление отмечать год объявлять рд год образование рамка который построить новый детсад новый школа дорогой друг разрешать имя глава рд сергей меликов поздравлять день знание открытие новый детский сад это событие очередной шаг реализация социальный политика руководство республика страна глава наш президент владимир путин большой работа проводиться ради наш ребенок ради наш будущий год удаваться капитальный отремонтировать школа республика ваш район хотеть поблагодарить строитель причастный возведение замечательный детсад житель район пусть желать счастие добро благополучие пожелать выступать поздравительный речь отмечать получать прекрасный возможность обрадовать наш детишки новый красивый уютный детский сад благодаря поддержка наш руководство село появляться большой объект несколько год назад мочь мечтать сегодня гордость мочь наблюдать наш ребенок быть сюда ходить развиваться расти получать масса приятный эмоция поблагодарить глава республика президент страна социальный политика рамка который строиться такой учреждение поздравлять открытие детсад солнышко также день знание пожелать здоровье весь педагог воспитатель детишки хороший учеба отличный настроение также мероприятие выступать юсуп умав отмечать становление подрастать поколение улучшение жизнь человек большой вклад вносить построение объект социальный значение число детский сад солнышко сегодня ваш село открываться очень важный социальный объект детсад быть развиваться ваш ребенок сказать год отремонтировать школа весь республика ваш район считать это большой успех муниципалитет это происходить благодаря поддержка республика однако немаловажный являться упорство ваш глава который смочь привлекать инвестиция муниципалитет уважаемый баршамаец душа поздравлять такой важный событие сказать праздничный программа продолжаться выступление будущий воспитанник детсад солнышко продекламировать стихотворение русский язык бурный аплодисменты состояться официальный разрезание красный символический лента открытие садик затем делегация посещать оба этаж дошкольный учреждение проходиться весь кабинет также побывать новый школа имя качмасов место осматривать новый боксерский зал построить вблизи данный школа мероприятие продолжаться концертный программа подготовить артист центр культура муниципалитет ход который прозвучать патриотический песня родной русский язык посвящать любимый дагестан родной кайтага завершение праздник жительница садиться баршамай мама двое ребенок заира султанов лицо родитель поблагодарить руководство район глава республика сергей меликов посодействовать возведение такой современный красивый детсад поздравлять открытие мой ребенок быть ходить садик долго ждать готовиться счастливый ходить оснащать последний слово техника детсад наш село дошкольный учреждение очень ждать постройка поздравлять воспитатель который быть работать родитель такой долгожданный событие праздник заключать']
наука,#наука,['лаборатория занимательный наука открываться цдт рамка федеральный проект успех каждый ребенок национальный проект образование цдт становиться щекинский район опорный центр внедрение целевой модель дополнительный образование осуществлять работа система персонифицировать финансирование дополнительный занятие ребенок это организационный финансовый механизм подразумевать закрепление ребенок денежный средство объем необходимый оплата обучение дополнительный общеобразовательный общеразвивать программа перечисление этот средство организация подробно сайт щекинский химик']
наука,#дети,['пугачева лично привозить ребенок школа день знание волнительный вернуться граница певица алла пугачева вместе ребенок отм подобный сайт']
финансы,#экономика,['россия намерен уподобляться евросоюз неразумный политика сжигание мост человек оставлять себя право принятие ответный мера заявлять официальный представитель мид рф мария захарова прокомментировать план ес приостанавливать соглашение упрощение выдача виза россия страна евросоюз слово дипломат действие подтверждать расти враждебность ес отношение']
финансы,#новости,['россия намерен уподобляться евросоюз неразумный политика сжигание мост человек оставлять себя право принятие ответный мера заявлять официальный представитель мид рф мария захарова прокомментировать план ес приостанавливать соглашение упрощение выдача виза россия страна евросоюз слово дипломат действие подтверждать расти враждебность ес отношение']
финансы,#бизнес,['рубрика объяснение привет криптоман ознакомляться статья узнавать работать смарт контракт преимущество смарт контракт применяться смарт контракт какой основной проблема сталкиваться смарт контракт будущее смарт контракт']
финансы,#происшествия,['россия намерен уподобляться евросоюз неразумный политика сжигание мост человек оставлять себя право принятие ответный мера заявлять официальный представитель мид рф мария захарова прокомментировать план ес приостанавливать соглашение упрощение выдача виза россия страна евросоюз слово дипломат действие подтверждать расти враждебность ес отношение']
финансы,#финансы,['россия намерен уподобляться евросоюз неразумный политика сжигание мост человек оставлять себя право принятие ответный мера заявлять официальный представитель мид рф мария захарова прокомментировать план ес приостанавливать соглашение упрощение выдача виза россия страна евросоюз слово дипломат действие подтверждать расти враждебность ес отношение']
финансы,#спорт,['спортивный событие сегодня удивление большой telegram whatsapp ставка спорт']
финансы,#общество,['правительство рф разрабатывать проект борьба сахарный диабет инициировать парламент карелия подробно']
финансы,#news,['thewhitehousespin com spin publishing live pm et white house press briefing by press secretary karine jean pierre reported by karen ann carr live at pm et white house press briefing convened by press secretary karine jean pierre at the white house in washington dc usa on thursday september']
семья,#сергейлазарев,['сергей лазарев поделиться мы новый обновление instagram второклашка никита лазарев довольный сын довольный папа провожать никита второй класс club lazarevsergey']
семья,#семья,['сергей лазарев поделиться мы новый обновление instagram второклашка никита лазарев довольный сын довольный папа провожать никита второй класс club lazarevsergey']
семья,#лазарев,['сергей лазарев поделиться мы новый обновление instagram второклашка никита лазарев довольный сын довольный папа провожать никита второй класс club lazarevsergey']
семья,#лазаревы,['сергей лазарев поделиться мы новый обновление instagram второклашка никита лазарев довольный сын довольный папа провожать никита второй класс club lazarevsergey']
политика,#работайтебратья,['истребительный авиация вво заступать боевой дежурство оперативный аэродром рамка скша восток экипаж истребительный авиация предстоять отрабатывать перехват воздушный цель выполнять задача прикрытие действие ударный авиация также нанесение авиационный удар наземный цель авиационный поддержка войско']
политика,#политика,['истребительный авиация вво заступать боевой дежурство оперативный аэродром рамка скша восток экипаж истребительный авиация предстоять отрабатывать перехват воздушный цель выполнять задача прикрытие действие ударный авиация также нанесение авиационный удар наземный цель авиационный поддержка войско']
политика,#днр,['невозможно поверять такой скорость капитальный ремонт видеть собственный глаз день строитель санкт петербург создавать мариуполь практически новый школа который уверенный ребенок быть удовольствие учиться провожать время здание попадание украинский снаряд разрушение оставаться след убеждаться совместно первый зампредседатель совет федерация рф секретарь генсовет партия единый россия андрей турчак депутат госдума рф дмитрий саблин пообщаться первоклашка робеть уверенный скоро осваиваться уютный класс первоклассник школа получать подарок питерец ранец школьный принадлежность ребенок быть учиться прекрасный школа спортзал бассейн несколько спортивный площадка включая футбольный поле рядом школа детсад который заканчиваться ремонт спасибо питерец такой колоссальный помощь город побратим']
политика,#новостиводномкадре,['истребительный авиация вво заступать боевой дежурство оперативный аэродром рамка скша восток экипаж истребительный авиация предстоять отрабатывать перехват воздушный цель выполнять задача прикрытие действие ударный авиация также нанесение авиационный удар наземный цель авиационный поддержка войско']
политика,#коронавирус,['оперативный информация covid сентябрь случай подтверждать covid новый выявлять география пенза пензенский район кузнецкий район башмаковский район иссинский район сердобский район заречный мокшанский район бессоновский район бековский район лопатинский район белинский район городищенский район каменский район колышлейский район лунинский район малосердобинский район шемышейский район земетчинский район камешкирский район неверкинский район никольский район госпитализировать']
политика,#героиz,['взять высота удерживать становиться подразделение подполковник сергей бойко выполнять задача успешно отражать попытка противник отбивать позиция наш боец пять мало выстаивать давать возможность успешно наступать другой подразделение глава командир настоящий герой операция']
политика,#геополитика,['который передача смотреть удивляться здравомыслие человек сохранять']
политика,#лнр,['заместитель министр труд социальный защита республика крым леонид михалевский посещать пункт пропуск каланчак сотрудник служба занятость крым ежедневно предоставляться консультационный услуга сфера занятость гражданин вынужденно покидать территория украина днр лнр гражданин прибывать донецкий луганский народный республика украина первоочередный порядок проводиться консультирование подбор предложение вариант подходящий работа отдельный внимание уделяться возможность трудоустройство рабочий место предоставление жилье место проживание исходить индивидуальный потребность гражданин положение законодательство сфера труд занятость возможность размещение заявление единый цифровой платформа сфера занятость трудовой отношение работа россия сотрудник служба занятость республика также информировать прибывать гражданин возможность обращение подразделение государственный учреждение отделение пенсионный фонд рф республика крым получение снилс подразделение уфнс республика крым оформление инн также проводиться ознакомление перечень документ необходимый трудоустройство предоставляться контактный номер телефон государственный структура орган компетенция особый внимание уделяться информирование гражданин изменение законодательство сфера миграция президент российский федерация август текущий год подписывать указ временный мера урегулирование правовой положение гражданин донецкий народный республика луганский народный республика украина российский федерация гражданин вынужденно покидать территория украина донецкий луганский народный республика мочь находиться российский федерация ограничение срок течение день обязывать проходить дактилоскопия фотографирование медицинский освидетельствование мочь работать патент обязательный указание цель визит миграционный карта работа обязанный проходить дактилоскопия фотографирование медицинский освидетельствование работодатель мочь нанимать гражданин украина днр лнр условие нанимать работник предъявлять документ подтверждать прохождение дактилоскопия фотографирование работодатель обязанный уведомлять территориальный орган министерство внутренний дело российский федерация заключение прекращение расторжение трудовой договор гражданский правовой договор выполнение работа срок превышать три рабочий день дата заключение прекращение расторжение соответствующий договор случай такой договор заключать день вступление сила настоящий указ работодатель заказчик работа услуга уведомлять указанный территориальный орган течение календарный день день вступление сила настоящий указ иметься патент заканчиваться вступление сила данный указ вышеперечисленный гражданин вправе продолжать работать патент указ вступать сила август год действовать отмена установленный мера также леонид михалевский посещать пункт временный размещение гражданин который находиться армянск ежедневно пункт размещение сотрудник служба занятость проводиться консультирование анкетирование прибывать гражданин разъясняться положение законодательство занятость население раздаваться буклет памятка актуальный информация вопрос трудоустройство работа содействие трудоустройство гражданин прибывать территория украина днр лнр находиться ежедневный контроль']
питание,#здоровье,['первый год делать дорогой праздник начало новый учебный год знать являться учитель высокий квалификационный категория биология химия точно являться это первый год идти линейка школа никак педагог никак мама педагогический карьера заканчивать ровно год назад сожалеть благодарный работа однозначно школа давать большой опыт эмоция положительный очень серьезно относиться работа удачно готовить ребенок экзамен мой предмет очень строгий педагог юмор прекрасный коллектив школа год сын идти линейка идти работа этот взрослый решение мы предстоять тяжелый год класс конец сдача экзамен понаслышке знать это хотеть пожелать все терпение сила взаимопонимание ребенок учитель насмотреться разный педагогический деятельность год отправлять свой ребенок делиться идти школа сад колледж институт']
питание,#питание,['полезный смузи подольск видный домодедово подписываться наш группа быстро познакомиться переходить знакомиться сайт знакомство находить пара россия']
питание,#знакомства,['привыкать отказывать слабость хотеть это вопрос время миасс подписываться наш группа быстро познакомиться переходить знакомиться сайт знакомство находить пара россия']
питание,#полезное,['полезный смузи подольск видный домодедово подписываться наш группа быстро познакомиться переходить знакомиться сайт знакомство находить пара россия']
отдых,#пляж,['лето уходить']
отдых,#лето,['лето уходить']
отдых,#отдых,['лето уходить']
развитие,#занятия,['расписание занятие детский центр мамарад записываться занятие уточнять интересовать вопрос тело писать мы сообщение сообщество']
развитие,#мама,['крошечный мальчик сопеть кроватка носик курносик маленький сладкий щечка румянец любить очень килограмм счастие сыночек мама мамочка нижний новгород']
развитие,#полезно,['картофельный рулетика мясо ингредиент картофель яйцо сырой шт мука пшеничный фарш смешать масло растительный жарка приготовление картофель отваривать мундир остужать почистить натирать крупный терка добавлять соль перец яйцо мука фарш добавлять соль перец специя также холодный вода кефир сметана сочность тесто раскатать колбаска нарезать кусочек лепешка выкладывать такой слой фарш оставлять один сторона см свободный лепешка фарш закручивать плотно рулетик свободный край тесто прижимать обжаривать рулетика сковорода масло сдвуха сторона зарумянивание рулетика укладывать форма выпечка ставить духовка минута температура минута окончание посыпать тертый сыр']
развитие,#дети,['пугачева лично привозить ребенок школа день знание волнительный вернуться граница певица алла пугачева вместе ребенок отм подобный сайт']
